path	class	upstream_counterpart	lines_derived	lines_new	kind
ac_cloud-termux/.editorconfig	verbatim		16	0	txt
ac_cloud-termux/.gitattributes	verbatim		5	0	txt
ac_cloud-termux/.github/FUNDING.yml	verbatim		2	0	txt
ac_cloud-termux/.github/ISSUE_TEMPLATE/01-bug-report.yml	verbatim		40	0	txt
ac_cloud-termux/.github/ISSUE_TEMPLATE/02-feature-request.yml	verbatim		19	0	txt
ac_cloud-termux/.github/ISSUE_TEMPLATE/config.yml	verbatim		5	0	txt
ac_cloud-termux/.github/workflows/attach_debug_apks_to_release.yml	verbatim		66	0	txt
ac_cloud-termux/.github/workflows/debug_build.yml	verbatim		99	0	txt
ac_cloud-termux/.github/workflows/gradle-wrapper-validation.yml	verbatim		17	0	txt
ac_cloud-termux/.github/workflows/run_tests.yml	verbatim		19	0	txt
ac_cloud-termux/.github/workflows/trigger_library_builds_on_jitpack.yml	verbatim		19	0	txt
ac_cloud-termux/.gitignore	modified	.gitignore	31	9	txt
ac_cloud-termux/ATTRIBUTION.md	new		0	4	txt
ac_cloud-termux/LICENSE.md	verbatim		4	0	txt
ac_cloud-termux/README.md	new		0	28	txt
ac_cloud-termux/app/build.gradle	modified	app/build.gradle	173	320	txt
ac_cloud-termux/app/proguard-rules.pro	verbatim		15	0	txt
ac_cloud-termux/app/src/main/AndroidManifest.xml	modified	app/src/main/AndroidManifest.xml	166	39	txt
ac_cloud-termux/app/src/main/aidl/com/termux/cloud/ICloudExec.aidl	new		0	50	txt
ac_cloud-termux/app/src/main/assets/terminal-selftest.json	new		0	29	txt
ac_cloud-termux/app/src/main/cpp/Android.mk	verbatim		5	0	txt
ac_cloud-termux/app/src/main/cpp/patch_bootstrap_ids.py	new		0	78	txt
ac_cloud-termux/app/src/main/cpp/termux-bootstrap-zip.S	modified	app/src/main/cpp/termux-bootstrap-zip.S	14	4	txt
ac_cloud-termux/app/src/main/cpp/termux-bootstrap.c	verbatim		9	0	txt
ac_cloud-termux/app/src/main/java/com/termux/app/RunCommandService.java	verbatim		226	0	txt
ac_cloud-termux/app/src/main/java/com/termux/app/TerminalDebugApi.java	new		0	192	txt
ac_cloud-termux/app/src/main/java/com/termux/app/TermuxActivity.java	modified	app/src/main/java/com/termux/app/TermuxActivity.java	725	38	txt
ac_cloud-termux/app/src/main/java/com/termux/app/TermuxApplication.java	modified	app/src/main/java/com/termux/app/TermuxApplication.java	21	12	txt
ac_cloud-termux/app/src/main/java/com/termux/app/TermuxInstaller.java	modified	app/src/main/java/com/termux/app/TermuxInstaller.java	171	253	txt
ac_cloud-termux/app/src/main/java/com/termux/app/TermuxOpenReceiver.java	verbatim		190	0	txt
ac_cloud-termux/app/src/main/java/com/termux/app/TermuxService.java	modified	app/src/main/java/com/termux/app/TermuxService.java	645	53	txt
ac_cloud-termux/app/src/main/java/com/termux/app/activities/HelpActivity.java	modified	app/src/main/java/com/termux/app/activities/HelpActivity.java	64	2	txt
ac_cloud-termux/app/src/main/java/com/termux/app/activities/SettingsActivity.java	verbatim		142	0	txt
ac_cloud-termux/app/src/main/java/com/termux/app/fragments/settings/TermuxAPIPreferencesFragment.java	verbatim		35	0	txt
ac_cloud-termux/app/src/main/java/com/termux/app/fragments/settings/TermuxFloatPreferencesFragment.java	verbatim		35	0	txt
ac_cloud-termux/app/src/main/java/com/termux/app/fragments/settings/TermuxPreferencesFragment.java	verbatim		35	0	txt
ac_cloud-termux/app/src/main/java/com/termux/app/fragments/settings/TermuxTaskerPreferencesFragment.java	verbatim		35	0	txt
ac_cloud-termux/app/src/main/java/com/termux/app/fragments/settings/TermuxWidgetPreferencesFragment.java	verbatim		35	0	txt
ac_cloud-termux/app/src/main/java/com/termux/app/fragments/settings/termux/DebuggingPreferencesFragment.java	verbatim		121	0	txt
ac_cloud-termux/app/src/main/java/com/termux/app/fragments/settings/termux/TerminalIOPreferencesFragment.java	verbatim		62	0	txt
ac_cloud-termux/app/src/main/java/com/termux/app/fragments/settings/termux/TerminalViewPreferencesFragment.java	verbatim		57	0	txt
ac_cloud-termux/app/src/main/java/com/termux/app/fragments/settings/termux_api/DebuggingPreferencesFragment.java	verbatim		78	0	txt
ac_cloud-termux/app/src/main/java/com/termux/app/fragments/settings/termux_float/DebuggingPreferencesFragment.java	verbatim		100	0	txt
ac_cloud-termux/app/src/main/java/com/termux/app/fragments/settings/termux_tasker/DebuggingPreferencesFragment.java	verbatim		78	0	txt
ac_cloud-termux/app/src/main/java/com/termux/app/fragments/settings/termux_widget/DebuggingPreferencesFragment.java	verbatim		78	0	txt
ac_cloud-termux/app/src/main/java/com/termux/app/models/UserAction.java	verbatim		14	0	txt
ac_cloud-termux/app/src/main/java/com/termux/app/settings/properties/TermuxAppSharedProperties.java	verbatim		95	0	txt
ac_cloud-termux/app/src/main/java/com/termux/app/terminal/TermuxActivityRootView.java	verbatim		245	0	txt
ac_cloud-termux/app/src/main/java/com/termux/app/terminal/TermuxSessionsListViewController.java	verbatim		85	0	txt
ac_cloud-termux/app/src/main/java/com/termux/app/terminal/TermuxTerminalSessionClient.java	modified	app/src/main/java/com/termux/app/terminal/TermuxTerminalSessionClient.java	401	3	txt
ac_cloud-termux/app/src/main/java/com/termux/app/terminal/TermuxTerminalViewClient.java	verbatim		640	0	txt
ac_cloud-termux/app/src/main/java/com/termux/app/terminal/io/FullScreenWorkAround.java	verbatim		55	0	txt
ac_cloud-termux/app/src/main/java/com/termux/app/terminal/io/KeyboardShortcut.java	verbatim		9	0	txt
ac_cloud-termux/app/src/main/java/com/termux/app/terminal/io/TerminalToolbarViewPager.java	verbatim		93	0	txt
ac_cloud-termux/app/src/main/java/com/termux/app/terminal/io/TermuxTerminalExtraKeys.java	verbatim		40	0	txt
ac_cloud-termux/app/src/main/java/com/termux/app/utils/CrashUtils.java	verbatim		170	0	txt
ac_cloud-termux/app/src/main/java/com/termux/app/utils/PluginUtils.java	verbatim		276	0	txt
ac_cloud-termux/app/src/main/java/com/termux/cloud/AgentAuth.java	new		0	100	txt
ac_cloud-termux/app/src/main/java/com/termux/cloud/CloudDnsBridge.java	new		0	49	txt
ac_cloud-termux/app/src/main/java/com/termux/cloud/CloudExecService.java	new		0	216	txt
ac_cloud-termux/app/src/main/java/com/termux/cloud/CloudRootfs.java	new		0	372	txt
ac_cloud-termux/app/src/main/java/com/termux/cloud/CloudTermuxProperties.java	new		0	103	txt
ac_cloud-termux/app/src/main/java/com/termux/cloud/CloudWakeLock.java	new		0	47	txt
ac_cloud-termux/app/src/main/java/com/termux/filepicker/TermuxDocumentsProvider.java	verbatim		236	0	txt
ac_cloud-termux/app/src/main/java/com/termux/filepicker/TermuxFileReceiverActivity.java	verbatim		198	0	txt
ac_cloud-termux/app/src/main/res/drawable/banner.png	verbatim		0	0	bin
ac_cloud-termux/app/src/main/res/drawable/current_session.xml	verbatim		4	0	txt
ac_cloud-termux/app/src/main/res/drawable/current_session_black.xml	verbatim		4	0	txt
ac_cloud-termux/app/src/main/res/drawable/ic_foreground.xml	verbatim		25	0	txt
ac_cloud-termux/app/src/main/res/drawable/ic_new_session.xml	verbatim		15	0	txt
ac_cloud-termux/app/src/main/res/drawable/ic_service_notification.xml	verbatim		20	0	txt
ac_cloud-termux/app/src/main/res/drawable/ic_settings.xml	verbatim		5	0	txt
ac_cloud-termux/app/src/main/res/drawable/session_background_black_selected.xml	verbatim		5	0	txt
ac_cloud-termux/app/src/main/res/drawable/session_background_selected.xml	verbatim		5	0	txt
ac_cloud-termux/app/src/main/res/drawable/session_ripple.xml	verbatim		7	0	txt
ac_cloud-termux/app/src/main/res/drawable/session_ripple_black.xml	verbatim		7	0	txt
ac_cloud-termux/app/src/main/res/drawable/terminal_scroll_shape.xml	verbatim		16	0	txt
ac_cloud-termux/app/src/main/res/layout/activity_settings.xml	verbatim		8	0	txt
ac_cloud-termux/app/src/main/res/layout/activity_termux.xml	verbatim		98	0	txt
ac_cloud-termux/app/src/main/res/layout/item_terminal_sessions_list.xml	verbatim		9	0	txt
ac_cloud-termux/app/src/main/res/layout/preference_markdown_text.xml	verbatim		17	0	txt
ac_cloud-termux/app/src/main/res/layout/view_terminal_toolbar_extra_keys.xml	verbatim		8	0	txt
ac_cloud-termux/app/src/main/res/layout/view_terminal_toolbar_text_input.xml	verbatim		16	0	txt
ac_cloud-termux/app/src/main/res/mipmap-anydpi-v26/ic_launcher.xml	verbatim		5	0	txt
ac_cloud-termux/app/src/main/res/mipmap-anydpi-v26/ic_launcher_round.xml	verbatim		5	0	txt
ac_cloud-termux/app/src/main/res/mipmap-hdpi/ic_launcher.png	verbatim		0	0	bin
ac_cloud-termux/app/src/main/res/mipmap-hdpi/ic_launcher_round.png	verbatim		0	0	bin
ac_cloud-termux/app/src/main/res/mipmap-mdpi/ic_launcher.png	verbatim		0	0	bin
ac_cloud-termux/app/src/main/res/mipmap-mdpi/ic_launcher_round.png	verbatim		0	0	bin
ac_cloud-termux/app/src/main/res/mipmap-xhdpi/ic_launcher.png	verbatim		0	0	bin
ac_cloud-termux/app/src/main/res/mipmap-xhdpi/ic_launcher_round.png	verbatim		0	0	bin
ac_cloud-termux/app/src/main/res/mipmap-xxhdpi/ic_launcher.png	verbatim		0	0	bin
ac_cloud-termux/app/src/main/res/mipmap-xxhdpi/ic_launcher_round.png	verbatim		0	0	bin
ac_cloud-termux/app/src/main/res/mipmap-xxxhdpi/ic_launcher.png	verbatim		0	0	bin
ac_cloud-termux/app/src/main/res/mipmap-xxxhdpi/ic_launcher_round.png	verbatim		0	0	bin
ac_cloud-termux/app/src/main/res/values/colors.xml	verbatim		3	0	txt
ac_cloud-termux/app/src/main/res/values/strings.xml	modified	app/src/main/res/values/strings.xml	150	12	txt
ac_cloud-termux/app/src/main/res/values/styles.xml	verbatim		40	0	txt
ac_cloud-termux/app/src/main/res/xml/root_preferences.xml	verbatim		41	0	txt
ac_cloud-termux/app/src/main/res/xml/shortcuts.xml	modified	app/src/main/res/xml/shortcuts.xml	45	4	txt
ac_cloud-termux/app/src/main/res/xml/termux_api_debugging_preferences.xml	verbatim		11	0	txt
ac_cloud-termux/app/src/main/res/xml/termux_api_preferences.xml	verbatim		6	0	txt
ac_cloud-termux/app/src/main/res/xml/termux_debugging_preferences.xml	verbatim		26	0	txt
ac_cloud-termux/app/src/main/res/xml/termux_float_debugging_preferences.xml	verbatim		16	0	txt
ac_cloud-termux/app/src/main/res/xml/termux_float_preferences.xml	verbatim		6	0	txt
ac_cloud-termux/app/src/main/res/xml/termux_preferences.xml	verbatim		14	0	txt
ac_cloud-termux/app/src/main/res/xml/termux_tasker_debugging_preferences.xml	verbatim		11	0	txt
ac_cloud-termux/app/src/main/res/xml/termux_tasker_preferences.xml	verbatim		6	0	txt
ac_cloud-termux/app/src/main/res/xml/termux_terminal_io_preferences.xml	verbatim		16	0	txt
ac_cloud-termux/app/src/main/res/xml/termux_terminal_view_preferences.xml	verbatim		11	0	txt
ac_cloud-termux/app/src/main/res/xml/termux_widget_debugging_preferences.xml	verbatim		11	0	txt
ac_cloud-termux/app/src/main/res/xml/termux_widget_preferences.xml	verbatim		6	0	txt
ac_cloud-termux/app/src/test/java/com/termux/app/TermuxActivityTest.java	verbatim		22	0	txt
ac_cloud-termux/app/src/test/java/com/termux/filepicker/TermuxFileReceiverActivityTest.java	verbatim		28	0	txt
ac_cloud-termux/art/copy-to-other-apps.sh	verbatim		11	0	txt
ac_cloud-termux/art/feature-graphic.svg	verbatim		27	0	txt
ac_cloud-termux/art/generate-big-icon.sh	verbatim		18	0	txt
ac_cloud-termux/art/generate-feature-graphic.sh	verbatim		4	0	txt
ac_cloud-termux/art/generate-launcher-images.sh	verbatim		17	0	txt
ac_cloud-termux/art/generate-tv-banner.sh	verbatim		7	0	txt
ac_cloud-termux/art/ic_launcher.svg	verbatim		23	0	txt
ac_cloud-termux/art/ic_launcher2.png	verbatim		0	0	bin
ac_cloud-termux/art/ic_launcher2_round.png	verbatim		0	0	bin
ac_cloud-termux/art/tv-banner.svg	verbatim		20	0	txt
ac_cloud-termux/build.gradle	modified	build.gradle	18	29	txt
ac_cloud-termux/build.json	new		0	172	txt
ac_cloud-termux/build.sh	new		0	1367	txt
ac_cloud-termux/debug-api.json	new		0	14	txt
ac_cloud-termux/fastlane/metadata/android/en-US/full_description.txt	verbatim		10	0	txt
ac_cloud-termux/fastlane/metadata/android/en-US/images/icon.png	verbatim		0	0	bin
ac_cloud-termux/fastlane/metadata/android/en-US/images/phoneScreenshots/1.jpg	verbatim		0	0	bin
ac_cloud-termux/fastlane/metadata/android/en-US/images/phoneScreenshots/2.jpg	verbatim		0	0	bin
ac_cloud-termux/fastlane/metadata/android/en-US/images/phoneScreenshots/3.jpg	verbatim		0	0	bin
ac_cloud-termux/fastlane/metadata/android/en-US/images/phoneScreenshots/4.jpg	verbatim		0	0	bin
ac_cloud-termux/fastlane/metadata/android/en-US/short_description.txt	verbatim		1	0	txt
ac_cloud-termux/fleet-lib.json	new		0	12	txt
ac_cloud-termux/gradle.properties	modified	gradle.properties	24	9	txt
ac_cloud-termux/gradle/wrapper/gradle-wrapper.jar	verbatim		0	0	bin
ac_cloud-termux/gradle/wrapper/gradle-wrapper.properties	modified	gradle/wrapper/gradle-wrapper.properties	4	1	txt
ac_cloud-termux/gradlew	verbatim		162	0	txt
ac_cloud-termux/gradlew.bat	verbatim		68	0	txt
ac_cloud-termux/jitpack.yml	verbatim		4	0	txt
ac_cloud-termux/rootfs-lib/build.gradle	modified	app/build.gradle	28	86	txt
ac_cloud-termux/rootfs-lib/src/main/AndroidManifest.xml	modified	app/src/main/AndroidManifest.xml	4	7	txt
ac_cloud-termux/rootfs/build-rootfs.sh	new		0	71	txt
ac_cloud-termux/rootfs/enter.sh	new		0	138	txt
ac_cloud-termux/rootfs/install-in-rootfs.sh	new		0	53	txt
ac_cloud-termux/rootfs/resolve.py	new		0	176	txt
ac_cloud-termux/rootfs/rootfs.json	new		0	192	txt
ac_cloud-termux/rootfs/verify-dns-responder.py	new		0	42	txt
ac_cloud-termux/rootfs/verify-inside.sh	new		0	54	txt
ac_cloud-termux/rootfs/verify-rootfs.sh	new		0	370	txt
ac_cloud-termux/settings.gradle	new		0	11	txt
ac_cloud-termux/terminal-emulator/build.gradle	modified	terminal-emulator/build.gradle	43	2	txt
ac_cloud-termux/terminal-emulator/proguard-rules.pro	verbatim		21	0	txt
ac_cloud-termux/terminal-emulator/src/main/AndroidManifest.xml	new		0	2	txt
ac_cloud-termux/terminal-emulator/src/main/java/com/termux/terminal/ByteQueue.java	verbatim		98	0	txt
ac_cloud-termux/terminal-emulator/src/main/java/com/termux/terminal/JNI.java	verbatim		34	0	txt
ac_cloud-termux/terminal-emulator/src/main/java/com/termux/terminal/KeyHandler.java	verbatim		348	0	txt
ac_cloud-termux/terminal-emulator/src/main/java/com/termux/terminal/Logger.java	verbatim		65	0	txt
ac_cloud-termux/terminal-emulator/src/main/java/com/termux/terminal/TerminalBuffer.java	verbatim		444	0	txt
ac_cloud-termux/terminal-emulator/src/main/java/com/termux/terminal/TerminalColorScheme.java	verbatim		110	0	txt
ac_cloud-termux/terminal-emulator/src/main/java/com/termux/terminal/TerminalColors.java	verbatim		83	0	txt
ac_cloud-termux/terminal-emulator/src/main/java/com/termux/terminal/TerminalEmulator.java	verbatim		2445	0	txt
ac_cloud-termux/terminal-emulator/src/main/java/com/termux/terminal/TerminalOutput.java	verbatim		22	0	txt
ac_cloud-termux/terminal-emulator/src/main/java/com/termux/terminal/TerminalRow.java	verbatim		251	0	txt
ac_cloud-termux/terminal-emulator/src/main/java/com/termux/terminal/TerminalSession.java	verbatim		315	0	txt
ac_cloud-termux/terminal-emulator/src/main/java/com/termux/terminal/TerminalSessionClient.java	verbatim		24	0	txt
ac_cloud-termux/terminal-emulator/src/main/java/com/termux/terminal/TextStyle.java	verbatim		78	0	txt
ac_cloud-termux/terminal-emulator/src/main/java/com/termux/terminal/WcWidth.java	verbatim		552	0	txt
ac_cloud-termux/terminal-emulator/src/main/jni/Android.mk	verbatim		5	0	txt
ac_cloud-termux/terminal-emulator/src/main/jni/termux.c	verbatim		194	0	txt
ac_cloud-termux/terminal-emulator/src/test/java/com/termux/terminal/ApcTest.java	verbatim		17	0	txt
ac_cloud-termux/terminal-emulator/src/test/java/com/termux/terminal/ByteQueueTest.java	verbatim		43	0	txt
ac_cloud-termux/terminal-emulator/src/test/java/com/termux/terminal/ControlSequenceIntroducerTest.java	verbatim		117	0	txt
ac_cloud-termux/terminal-emulator/src/test/java/com/termux/terminal/CursorAndScreenTest.java	verbatim		239	0	txt
ac_cloud-termux/terminal-emulator/src/test/java/com/termux/terminal/DecSetTest.java	verbatim		65	0	txt
ac_cloud-termux/terminal-emulator/src/test/java/com/termux/terminal/DeviceControlStringTest.java	verbatim		46	0	txt
ac_cloud-termux/terminal-emulator/src/test/java/com/termux/terminal/HistoryTest.java	verbatim		26	0	txt
ac_cloud-termux/terminal-emulator/src/test/java/com/termux/terminal/KeyHandlerTest.java	verbatim		182	0	txt
ac_cloud-termux/terminal-emulator/src/test/java/com/termux/terminal/OperatingSystemControlTest.java	verbatim		168	0	txt
ac_cloud-termux/terminal-emulator/src/test/java/com/termux/terminal/RectangularAreasTest.java	verbatim		100	0	txt
ac_cloud-termux/terminal-emulator/src/test/java/com/termux/terminal/ResizeTest.java	verbatim		180	0	txt
ac_cloud-termux/terminal-emulator/src/test/java/com/termux/terminal/ScreenBufferTest.java	verbatim		56	0	txt
ac_cloud-termux/terminal-emulator/src/test/java/com/termux/terminal/ScrollRegionTest.java	verbatim		147	0	txt
ac_cloud-termux/terminal-emulator/src/test/java/com/termux/terminal/TerminalRowTest.java	verbatim		376	0	txt
ac_cloud-termux/terminal-emulator/src/test/java/com/termux/terminal/TerminalTest.java	verbatim		307	0	txt
ac_cloud-termux/terminal-emulator/src/test/java/com/termux/terminal/TerminalTestCase.java	verbatim		270	0	txt
ac_cloud-termux/terminal-emulator/src/test/java/com/termux/terminal/TextStyleTest.java	verbatim		55	0	txt
ac_cloud-termux/terminal-emulator/src/test/java/com/termux/terminal/UnicodeInputTest.java	verbatim		116	0	txt
ac_cloud-termux/terminal-emulator/src/test/java/com/termux/terminal/WcWidthTest.java	verbatim		65	0	txt
ac_cloud-termux/terminal-view/build.gradle	modified	terminal-view/build.gradle	26	2	txt
ac_cloud-termux/terminal-view/proguard-rules.pro	verbatim		21	0	txt
ac_cloud-termux/terminal-view/src/main/AndroidManifest.xml	new		0	2	txt
ac_cloud-termux/terminal-view/src/main/java/com/termux/view/GestureAndScaleRecognizer.java	verbatim		88	0	txt
ac_cloud-termux/terminal-view/src/main/java/com/termux/view/TerminalRenderer.java	verbatim		215	0	txt
ac_cloud-termux/terminal-view/src/main/java/com/termux/view/TerminalView.java	verbatim		1278	0	txt
ac_cloud-termux/terminal-view/src/main/java/com/termux/view/TerminalViewClient.java	verbatim		44	0	txt
ac_cloud-termux/terminal-view/src/main/java/com/termux/view/textselection/CursorController.java	verbatim		45	0	txt
ac_cloud-termux/terminal-view/src/main/java/com/termux/view/textselection/TextSelectionCursorController.java	verbatim		330	0	txt
ac_cloud-termux/terminal-view/src/main/java/com/termux/view/textselection/TextSelectionHandleView.java	verbatim		287	0	txt
ac_cloud-termux/terminal-view/src/main/res/drawable/text_select_handle_left_material.xml	verbatim		10	0	txt
ac_cloud-termux/terminal-view/src/main/res/drawable/text_select_handle_right_material.xml	verbatim		10	0	txt
ac_cloud-termux/terminal-view/src/main/res/values/strings.xml	verbatim		5	0	txt
ac_cloud-termux/termux-shared/.gitignore	verbatim		1	0	txt
ac_cloud-termux/termux-shared/LICENSE.md	verbatim		41	0	txt
ac_cloud-termux/termux-shared/build.gradle	modified	termux-shared/build.gradle	44	2	txt
ac_cloud-termux/termux-shared/proguard-rules.pro	verbatim		9	0	txt
ac_cloud-termux/termux-shared/src/androidTest/java/com/termux/shared/ExampleInstrumentedTest.java	verbatim		21	0	txt
ac_cloud-termux/termux-shared/src/main/AndroidManifest.xml	modified	termux-shared/src/main/AndroidManifest.xml	3	1	txt
ac_cloud-termux/termux-shared/src/main/java/com/termux/shared/activities/ReportActivity.java	verbatim		385	0	txt
ac_cloud-termux/termux-shared/src/main/java/com/termux/shared/activities/TextIOActivity.java	verbatim		235	0	txt
ac_cloud-termux/termux-shared/src/main/java/com/termux/shared/android/SELinuxUtils.java	verbatim		82	0	txt
ac_cloud-termux/termux-shared/src/main/java/com/termux/shared/crash/CrashHandler.java	verbatim		80	0	txt
ac_cloud-termux/termux-shared/src/main/java/com/termux/shared/crash/TermuxCrashUtils.java	verbatim		23	0	txt
ac_cloud-termux/termux-shared/src/main/java/com/termux/shared/data/DataUtils.java	verbatim		173	0	txt
ac_cloud-termux/termux-shared/src/main/java/com/termux/shared/data/IntentUtils.java	verbatim		142	0	txt
ac_cloud-termux/termux-shared/src/main/java/com/termux/shared/data/UrlUtils.java	verbatim		80	0	txt
ac_cloud-termux/termux-shared/src/main/java/com/termux/shared/file/FileUtils.java	verbatim		1604	0	txt
ac_cloud-termux/termux-shared/src/main/java/com/termux/shared/file/TermuxFileUtils.java	verbatim		339	0	txt
ac_cloud-termux/termux-shared/src/main/java/com/termux/shared/file/filesystem/FileAttributes.java	verbatim		336	0	txt
ac_cloud-termux/termux-shared/src/main/java/com/termux/shared/file/filesystem/FileKey.java	verbatim		61	0	txt
ac_cloud-termux/termux-shared/src/main/java/com/termux/shared/file/filesystem/FilePermission.java	verbatim		74	0	txt
ac_cloud-termux/termux-shared/src/main/java/com/termux/shared/file/filesystem/FilePermissions.java	verbatim		135	0	txt
ac_cloud-termux/termux-shared/src/main/java/com/termux/shared/file/filesystem/FileTime.java	verbatim		140	0	txt
ac_cloud-termux/termux-shared/src/main/java/com/termux/shared/file/filesystem/FileType.java	verbatim		24	0	txt
ac_cloud-termux/termux-shared/src/main/java/com/termux/shared/file/filesystem/FileTypes.java	verbatim		100	0	txt
ac_cloud-termux/termux-shared/src/main/java/com/termux/shared/file/filesystem/NativeDispatcher.java	verbatim		43	0	txt
ac_cloud-termux/termux-shared/src/main/java/com/termux/shared/file/filesystem/UnixConstants.java	verbatim		96	0	txt
ac_cloud-termux/termux-shared/src/main/java/com/termux/shared/file/tests/FileUtilsTests.java	verbatim		220	0	txt
ac_cloud-termux/termux-shared/src/main/java/com/termux/shared/interact/MessageDialogUtils.java	verbatim		82	0	txt
ac_cloud-termux/termux-shared/src/main/java/com/termux/shared/interact/ShareUtils.java	verbatim		186	0	txt
ac_cloud-termux/termux-shared/src/main/java/com/termux/shared/interact/TextInputDialogUtils.java	verbatim		64	0	txt
ac_cloud-termux/termux-shared/src/main/java/com/termux/shared/logger/Logger.java	verbatim		330	0	txt
ac_cloud-termux/termux-shared/src/main/java/com/termux/shared/markdown/MarkdownUtils.java	verbatim		170	0	txt
ac_cloud-termux/termux-shared/src/main/java/com/termux/shared/models/ExecutionCommand.java	verbatim		425	0	txt
ac_cloud-termux/termux-shared/src/main/java/com/termux/shared/models/ReportInfo.java	verbatim		81	0	txt
ac_cloud-termux/termux-shared/src/main/java/com/termux/shared/models/ResultConfig.java	verbatim		134	0	txt
ac_cloud-termux/termux-shared/src/main/java/com/termux/shared/models/ResultData.java	verbatim		193	0	txt
ac_cloud-termux/termux-shared/src/main/java/com/termux/shared/models/TextIOInfo.java	verbatim		195	0	txt
ac_cloud-termux/termux-shared/src/main/java/com/termux/shared/models/errors/Errno.java	verbatim		84	0	txt
ac_cloud-termux/termux-shared/src/main/java/com/termux/shared/models/errors/Error.java	verbatim		198	0	txt
ac_cloud-termux/termux-shared/src/main/java/com/termux/shared/models/errors/FileUtilsErrno.java	verbatim		71	0	txt
ac_cloud-termux/termux-shared/src/main/java/com/termux/shared/models/errors/FunctionErrno.java	verbatim		14	0	txt
ac_cloud-termux/termux-shared/src/main/java/com/termux/shared/models/errors/ResultSenderErrno.java	verbatim		13	0	txt
ac_cloud-termux/termux-shared/src/main/java/com/termux/shared/notification/NotificationUtils.java	verbatim		125	0	txt
ac_cloud-termux/termux-shared/src/main/java/com/termux/shared/notification/TermuxNotificationUtils.java	verbatim		30	0	txt
ac_cloud-termux/termux-shared/src/main/java/com/termux/shared/packages/PackageUtils.java	verbatim		426	0	txt
ac_cloud-termux/termux-shared/src/main/java/com/termux/shared/packages/PermissionUtils.java	verbatim		85	0	txt
ac_cloud-termux/termux-shared/src/main/java/com/termux/shared/reflection/ReflectionUtils.java	verbatim		229	0	txt
ac_cloud-termux/termux-shared/src/main/java/com/termux/shared/settings/preferences/SharedPreferenceUtils.java	verbatim		347	0	txt
ac_cloud-termux/termux-shared/src/main/java/com/termux/shared/settings/preferences/TermuxAPIAppSharedPreferences.java	verbatim		70	0	txt
ac_cloud-termux/termux-shared/src/main/java/com/termux/shared/settings/preferences/TermuxAppSharedPreferences.java	verbatim		165	0	txt
ac_cloud-termux/termux-shared/src/main/java/com/termux/shared/settings/preferences/TermuxBootAppSharedPreferences.java	verbatim		70	0	txt
ac_cloud-termux/termux-shared/src/main/java/com/termux/shared/settings/preferences/TermuxFloatAppSharedPreferences.java	verbatim		127	0	txt
ac_cloud-termux/termux-shared/src/main/java/com/termux/shared/settings/preferences/TermuxPreferenceConstants.java	verbatim		230	0	txt
ac_cloud-termux/termux-shared/src/main/java/com/termux/shared/settings/preferences/TermuxStylingAppSharedPreferences.java	verbatim		70	0	txt
ac_cloud-termux/termux-shared/src/main/java/com/termux/shared/settings/preferences/TermuxTaskerAppSharedPreferences.java	verbatim		76	0	txt
ac_cloud-termux/termux-shared/src/main/java/com/termux/shared/settings/preferences/TermuxWidgetAppSharedPreferences.java	verbatim		84	0	txt
ac_cloud-termux/termux-shared/src/main/java/com/termux/shared/settings/properties/SharedProperties.java	verbatim		504	0	txt
ac_cloud-termux/termux-shared/src/main/java/com/termux/shared/settings/properties/SharedPropertiesParser.java	verbatim		18	0	txt
ac_cloud-termux/termux-shared/src/main/java/com/termux/shared/settings/properties/TermuxPropertyConstants.java	verbatim		343	0	txt
ac_cloud-termux/termux-shared/src/main/java/com/termux/shared/settings/properties/TermuxSharedProperties.java	verbatim		540	0	txt
ac_cloud-termux/termux-shared/src/main/java/com/termux/shared/shell/DebianVersion.java	new		0	18	txt
ac_cloud-termux/termux-shared/src/main/java/com/termux/shared/shell/ResultSender.java	verbatim		300	0	txt
ac_cloud-termux/termux-shared/src/main/java/com/termux/shared/shell/ShellEnvironmentClient.java	verbatim		39	0	txt
ac_cloud-termux/termux-shared/src/main/java/com/termux/shared/shell/ShellUtils.java	verbatim		41	0	txt
ac_cloud-termux/termux-shared/src/main/java/com/termux/shared/shell/StreamGobbler.java	verbatim		295	0	txt
ac_cloud-termux/termux-shared/src/main/java/com/termux/shared/shell/TermuxSession.java	verbatim		219	0	txt
ac_cloud-termux/termux-shared/src/main/java/com/termux/shared/shell/TermuxShellEnvironmentClient.java	verbatim		25	0	txt
ac_cloud-termux/termux-shared/src/main/java/com/termux/shared/shell/TermuxShellUtils.java	verbatim		194	0	txt
ac_cloud-termux/termux-shared/src/main/java/com/termux/shared/shell/TermuxTask.java	verbatim		265	0	txt
ac_cloud-termux/termux-shared/src/main/java/com/termux/shared/terminal/TermuxTerminalSessionClientBase.java	verbatim		64	0	txt
ac_cloud-termux/termux-shared/src/main/java/com/termux/shared/terminal/TermuxTerminalViewClientBase.java	verbatim		96	0	txt
ac_cloud-termux/termux-shared/src/main/java/com/termux/shared/terminal/io/BellHandler.java	verbatim		67	0	txt
ac_cloud-termux/termux-shared/src/main/java/com/termux/shared/terminal/io/TerminalExtraKeys.java	verbatim		64	0	txt
ac_cloud-termux/termux-shared/src/main/java/com/termux/shared/terminal/io/extrakeys/ExtraKeyButton.java	verbatim		123	0	txt
ac_cloud-termux/termux-shared/src/main/java/com/termux/shared/terminal/io/extrakeys/ExtraKeysConstants.java	verbatim		176	0	txt
ac_cloud-termux/termux-shared/src/main/java/com/termux/shared/terminal/io/extrakeys/ExtraKeysInfo.java	verbatim		192	0	txt
ac_cloud-termux/termux-shared/src/main/java/com/termux/shared/terminal/io/extrakeys/ExtraKeysView.java	verbatim		539	0	txt
ac_cloud-termux/termux-shared/src/main/java/com/termux/shared/terminal/io/extrakeys/SpecialButton.java	verbatim		41	0	txt
ac_cloud-termux/termux-shared/src/main/java/com/termux/shared/terminal/io/extrakeys/SpecialButtonState.java	verbatim		38	0	txt
ac_cloud-termux/termux-shared/src/main/java/com/termux/shared/termux/AndroidUtils.java	verbatim		185	0	txt
ac_cloud-termux/termux-shared/src/main/java/com/termux/shared/termux/TermuxConstants.java	modified	termux-shared/src/main/java/com/termux/shared/termux/TermuxConstants.java	941	2	txt
ac_cloud-termux/termux-shared/src/main/java/com/termux/shared/termux/TermuxUtils.java	verbatim		451	0	txt
ac_cloud-termux/termux-shared/src/main/java/com/termux/shared/view/KeyboardUtils.java	verbatim		174	0	txt
ac_cloud-termux/termux-shared/src/main/java/com/termux/shared/view/ViewUtils.java	verbatim		206	0	txt
ac_cloud-termux/termux-shared/src/main/res/drawable/ic_copy.xml	verbatim		5	0	txt
ac_cloud-termux/termux-shared/src/main/res/drawable/ic_error_notification.xml	verbatim		33	0	txt
ac_cloud-termux/termux-shared/src/main/res/drawable/ic_share.xml	verbatim		5	0	txt
ac_cloud-termux/termux-shared/src/main/res/layout/activity_report.xml	verbatim		18	0	txt
ac_cloud-termux/termux-shared/src/main/res/layout/activity_text_io.xml	verbatim		78	0	txt
ac_cloud-termux/termux-shared/src/main/res/layout/dialog_show_message.xml	verbatim		42	0	txt
ac_cloud-termux/termux-shared/src/main/res/layout/markdown_adapter_node_code_block.xml	verbatim		24	0	txt
ac_cloud-termux/termux-shared/src/main/res/layout/markdown_adapter_node_default.xml	verbatim		15	0	txt
ac_cloud-termux/termux-shared/src/main/res/layout/partial_toolbar.xml	verbatim		19	0	txt
ac_cloud-termux/termux-shared/src/main/res/menu/menu_report.xml	verbatim		18	0	txt
ac_cloud-termux/termux-shared/src/main/res/menu/menu_text_io.xml	verbatim		18	0	txt
ac_cloud-termux/termux-shared/src/main/res/raw/apt_info_script.sh	verbatim		45	0	txt
ac_cloud-termux/termux-shared/src/main/res/raw/bell.ogg	verbatim		0	0	bin
ac_cloud-termux/termux-shared/src/main/res/values-night/themes.xml	verbatim		16	0	txt
ac_cloud-termux/termux-shared/src/main/res/values/colors.xml	verbatim		14	0	txt
ac_cloud-termux/termux-shared/src/main/res/values/dimens.xml	verbatim		9	0	txt
ac_cloud-termux/termux-shared/src/main/res/values/strings.xml	modified	termux-shared/src/main/res/values/strings.xml	82	3	txt
ac_cloud-termux/termux-shared/src/main/res/values/themes.xml	verbatim		35	0	txt
ac_cloud-termux/test/test-allow-external-apps.sh	new		0	112	txt
ac_cloud-termux/test/test-debian-version.sh	new		0	45	txt
ac_cloud-termux/test/test-home-survives-update.sh	new		0	85	txt
ac_cloud-termux/test/test-rootfs-declared.sh	new		0	361	txt
ac_cloud-termux/test/test-terminal-debug-api.sh	new		0	106	txt
ac_cloud-termux/test/test-toolbelt-wipe.sh	new		0	90	txt
ac_cloud-termux/test/test-wake-lock.sh	new		0	243	txt
